"","OBJECTID","POSTCODE","NAME","Positive","Death","Recovered","Active","Rate","Rate_Draft","Positive_Draft","Death_Draft","ZIPType","Shape__Area","Shape__Length"
"1",1,"29301","Spartanburg",29,NA,NA,NA,NA,NA,30,NA,"Standard",72807995.1085205,51160.3831367764
"2",2,"29302","Spartanburg",17,NA,NA,NA,NA,NA,17,NA,"Standard",128716336.803833,104906.732994029
"3",3,"29303","Spartanburg",22,NA,NA,NA,NA,NA,23,NA,"Standard",82807290.9591064,61403.8069189172
"4",4,"29306","Spartanburg",31,NA,NA,NA,NA,NA,33,NA,"Standard",49455788.3054199,72652.5561248794
"5",5,"29316","Boiling Springs",36,NA,NA,NA,NA,NA,37,NA,"Standard",56173102.3153076,44277.7834586481
"6",6,"29321","Buffalo",1,NA,NA,NA,NA,NA,1,NA,"Standard",94757342.9862061,58957.5857828315
"7",7,"29325","Clinton",14,NA,NA,NA,NA,NA,14,NA,"Standard",450922121.21582,135962.072504278
"8",8,"29334","Duncan",25,NA,NA,NA,NA,NA,26,NA,"Standard",58819752.2047119,61143.6910563138
"9",9,"29340","Gaffney",13,NA,NA,NA,NA,NA,13,NA,"Standard",423355678.885132,123599.422314737
"10",10,"29341","Gaffney",7,NA,NA,NA,NA,NA,7,NA,"Standard",239367529.496582,83221.4144577018
"11",11,"29349","Inman",43,NA,NA,NA,NA,NA,44,NA,"Standard",206733719.995239,120486.127597913
"12",12,"29351","Joanna",0,NA,NA,NA,NA,NA,0,NA,"Standard",28010303.7890625,31759.4505245465
"13",13,"29353","Jonesville",1,NA,NA,NA,NA,NA,1,NA,"Standard",248783309.835205,128730.449179858
"14",14,"29360","Laurens",17,NA,NA,NA,NA,NA,17,NA,"Standard",383141078.088379,152241.180026638
"15",15,"29379","Union",28,NA,NA,NA,NA,NA,28,NA,"Standard",698593999.941528,194940.94694017
"16",16,"29365","Lyman",24,NA,NA,NA,NA,NA,25,NA,"Standard",46514519.135376,54113.8382853889
"17",17,"29369","Moore",15,NA,NA,NA,NA,NA,15,NA,"Standard",72820915.3099365,49447.3134895302
"18",18,"29370","Mountville",2,NA,NA,NA,NA,NA,2,NA,"Standard",127739446.590088,77300.3898013732
"19",19,"29376","Roebuck",16,NA,NA,NA,NA,NA,16,NA,"Standard",100042814.522339,80740.1646945506
"20",20,"29385","Wellford",25,NA,NA,NA,NA,NA,31,NA,"Standard",52388805.7779541,55550.3753290448
"21",21,"29384","Waterloo",1,NA,NA,NA,NA,NA,1,NA,"Standard",130843479.751221,85594.8209633725
"22",22,"29401","Charleston",13,NA,NA,NA,NA,NA,13,NA,"Standard",5915797.43664551,17797.1732404435
"23",23,"29403","Charleston",31,NA,NA,NA,NA,NA,31,NA,"Standard",13845332.4730225,18544.5816982274
"24",24,"29425","Charleston",13,NA,NA,NA,NA,NA,13,NA,"Standard",172599.811157227,1843.34860148435
"25",25,"29424","Charleston",0,NA,NA,NA,NA,NA,0,NA,"Standard",92495.0665283203,1643.9388641429
"26",26,"29404","Charleston AFB",2,NA,NA,NA,NA,NA,2,NA,"Standard",11913944.1967773,24288.6902885494
"27",27,"29405","North Charleston",41,NA,NA,NA,NA,NA,41,NA,"Standard",49890511.2523193,48438.7398761433
"28",28,"29406","Charleston",30,NA,NA,NA,NA,NA,30,NA,"Standard",36723178.5084229,52880.4336972743
"29",29,"29407","Charleston",43,NA,NA,NA,NA,NA,43,NA,"Standard",47047902.885498,36133.0078990052
"30",30,"29412","Charleston",44,NA,NA,NA,NA,NA,44,NA,"Standard",133961166.28186,68034.8466581456
"31",31,"29429","Awendaw",6,NA,NA,NA,NA,NA,6,NA,"Standard",262910400.408447,112219.961419223
"32",32,"29431","Bonneau",0,NA,NA,NA,NA,NA,0,NA,"Standard",188344113.395264,132625.227158645
"33",33,"29435","Cottageville",3,NA,NA,NA,NA,NA,3,NA,"Standard",191189700.164551,95901.8714225308
"34",34,"29437","Dorchester",1,NA,NA,NA,NA,NA,1,NA,"Standard",215232747.573853,115068.958906366
"35",35,"29446","Green Pond",1,NA,NA,NA,NA,NA,1,NA,"Standard",655077374.368774,183392.559070577
"36",36,"29448","Harleyville",2,NA,NA,NA,NA,NA,2,NA,"Standard",137043629.612183,93661.3738716449
"37",37,"29449","Hollywood",11,NA,NA,NA,NA,NA,11,NA,"Standard",217798994.645264,112674.505762793
"38",38,"29451","Isle of Palms",8,NA,NA,NA,NA,NA,7,NA,"Standard",24292937.5871582,66349.273997432
"39",39,"29453","Jamestown",1,NA,NA,NA,NA,NA,1,NA,"Standard",382087748.758545,120808.656009235
"40",40,"29455","Johns Island",15,NA,NA,NA,NA,NA,15,NA,"Standard",313477004.133667,146139.585128998
"41",41,"29458","Mc Clellanville",3,NA,NA,NA,NA,NA,3,NA,"Standard",451398295.862793,355992.142428431
"42",42,"29461","Moncks Corner",72,NA,NA,NA,NA,NA,71,NA,"Standard",410269519.619019,146850.27908062
"43",43,"29464","Mount Pleasant",67,NA,NA,NA,NA,NA,67,NA,"Standard",86688698.1159668,69017.8903020541
"44",44,"29468","Pineville",2,NA,NA,NA,NA,NA,2,NA,"Standard",122984647.650879,132830.210922303
"45",45,"29469","Pinopolis",0,NA,NA,NA,NA,NA,0,NA,"Standard",78055452.5809326,92964.3310687085
"46",46,"29474","Round O",0,NA,NA,NA,NA,NA,0,NA,"Standard",248800936.916992,130296.681317493
"47",47,"29475","Ruffin",3,NA,NA,NA,NA,NA,3,NA,"Standard",266994287.113892,120326.696686848
"48",48,"29479","Saint Stephen",11,NA,NA,NA,NA,NA,11,NA,"Standard",330852133.844604,167466.190763485
"49",49,"29482","Sullivans Island",7,NA,NA,NA,NA,NA,7,NA,"Standard",7077171.14794922,19247.2712525712
"50",50,"29486","Summerville",12,NA,NA,NA,NA,NA,12,NA,"Standard",149818621.998657,81250.8806968012
"51",51,"29487","Wadmalaw Island",5,NA,NA,NA,NA,NA,5,NA,"Standard",130826189.990356,57854.115964431
"52",52,"29488","Walterboro",37,NA,NA,NA,NA,NA,38,NA,"Standard",654641514.702759,191511.03860185
"53",53,"29492","Charleston",11,NA,NA,NA,NA,NA,11,NA,"Standard",151793813.798584,89109.575244774
"54",54,"29505","Florence",81,NA,NA,NA,NA,NA,81,NA,"Standard",126361009.508057,97211.3612384696
"55",55,"29511","Aynor",7,NA,NA,NA,NA,NA,7,NA,"Standard",150955779.400146,81886.75974677
"56",56,"29512","Bennettsville",57,NA,NA,NA,NA,NA,57,NA,"Standard",533262071.971436,171922.503360678
"57",57,"29516","Blenheim",6,NA,NA,NA,NA,NA,6,NA,"Standard",256121704.020508,104354.155727894
"58",58,"29520","Cheraw",48,NA,NA,NA,NA,NA,49,NA,"Standard",369074662.126953,115822.139613549
"59",59,"29526","Conway",30,NA,NA,NA,NA,NA,30,NA,"Standard",429485702.519775,153017.016868074
"60",60,"29527","Conway",32,NA,NA,NA,NA,NA,33,NA,"Standard",413244939.958496,129569.295614903
"61",61,"29530","Coward",11,NA,NA,NA,NA,NA,11,NA,"Standard",95354177.8493652,76645.4292679511
"62",62,"29532","Darlington",92,NA,NA,NA,NA,NA,96,NA,"Standard",290776325.145752,148574.534211262
"63",63,"29536","Dillon",73,NA,NA,NA,NA,NA,77,NA,"Standard",321688509.612549,175987.497050275
"64",64,"29540","Darlington",18,NA,NA,NA,NA,NA,18,NA,"Standard",222217113.556152,98868.340730527
"65",65,"29541","Effingham",32,NA,NA,NA,NA,NA,32,NA,"Standard",189198927.532715,146038.916855212
"66",66,"29544","Galivants Ferry",4,NA,NA,NA,NA,NA,5,NA,"Standard",301256615.659668,145124.026929128
"67",67,"29545","Green Sea",3,NA,NA,NA,NA,NA,3,NA,"Standard",91415530.1965332,55221.4896853341
"68",68,"29546","Gresham",4,NA,NA,NA,NA,NA,4,NA,"Standard",363104195.099121,155651.260332476
"69",69,"29547","Hamer",7,NA,NA,NA,NA,NA,7,NA,"Standard",110291426.1604,83104.6714325757
"70",70,"29580","Nesmith",9,NA,NA,NA,NA,NA,9,NA,"Standard",209515498.053467,98369.3687835482
"71",71,"29556","Kingstree",113,NA,NA,NA,NA,NA,114,NA,"Standard",556926042.220459,204244.930781179
"72",72,"29563","Lake View",13,NA,NA,NA,NA,NA,14,NA,"Standard",96131297.1821289,58339.7640577485
"73",73,"29564","Lane",3,NA,NA,NA,NA,NA,3,NA,"Standard",224804536.665527,112261.729892301
"74",74,"29566","Little River",14,NA,NA,NA,NA,NA,15,NA,"Standard",82297607.3115234,53977.6056652617
"75",75,"29567","Little Rock",4,NA,NA,NA,NA,NA,4,NA,"Standard",50061763.9726563,49536.7839641936
"76",76,"29568","Longs",24,NA,NA,NA,NA,NA,24,NA,"Standard",278198254.748535,126915.842033219
"77",77,"29569","Loris",34,NA,NA,NA,NA,NA,35,NA,"Standard",441595496.526367,118876.482448735
"78",78,"29570","Mc Coll",3,NA,NA,NA,NA,NA,3,NA,"Standard",130109440.135254,76213.9638738519
"79",79,"29572","Myrtle Beach",6,NA,NA,NA,NA,NA,6,NA,"Standard",23471524.7290039,29374.3926927679
"80",80,"29575","Myrtle Beach",13,NA,NA,NA,NA,NA,14,NA,"Standard",25409480.2209473,28441.6841019412
"81",81,"29577","Myrtle Beach",30,NA,NA,NA,NA,NA,30,NA,"Standard",58874419.690918,41028.5100666639
"82",82,"29579","Myrtle Beach",23,NA,NA,NA,NA,NA,23,NA,"Standard",109931353.154297,71749.4824627136
"83",83,"29582","North Myrtle Beach",8,NA,NA,NA,NA,NA,9,NA,"Standard",61906924.6589355,56173.0425598628
"84",84,"29583","Pamplico",19,NA,NA,NA,NA,NA,19,NA,"Standard",299655586.792236,107470.680156712
"85",85,"29584","Patrick",2,NA,NA,NA,NA,NA,2,NA,"Standard",240322198.056763,131333.049520795
"86",86,"29585","Pawleys Island",14,NA,NA,NA,NA,NA,14,NA,"Standard",82316762.0959473,85245.5851682451
"87",87,"29588","Myrtle Beach",36,NA,NA,NA,NA,NA,36,NA,"Standard",140068665.408447,102586.491509319
"88",88,"29590","Salters",10,NA,NA,NA,NA,NA,10,NA,"Standard",205318763.171631,105535.371292386
"89",89,"29591","Scranton",26,NA,NA,NA,NA,NA,26,NA,"Standard",174084411.466797,150000.689798874
"90",90,"29596","Wallace",2,NA,NA,NA,NA,NA,2,NA,"Standard",189197615.307861,97011.4633872393
"91",91,"29601","Greenville",34,NA,NA,NA,NA,NA,34,NA,"Standard",11485871.0211182,23792.1781617392
"92",92,"29605","Greenville",89,NA,NA,NA,NA,NA,92,NA,"Standard",65212637.9920654,57604.2406535068
"93",93,"29607","Greenville",54,NA,NA,NA,NA,NA,55,NA,"Standard",72209637.2722168,82740.5795884934
"94",94,"29709","Chesterfield",10,NA,NA,NA,NA,NA,10,NA,"Standard",258500527.985107,93866.9288012542
"95",95,"29609","Greenville",97,NA,NA,NA,NA,NA,99,NA,"Standard",62677123.9960938,59881.5481945521
"96",96,"29615","Greenville",54,NA,NA,NA,NA,NA,55,NA,"Standard",50432221.3151855,47608.3117700651
"97",97,"29621","Anderson",49,NA,NA,NA,NA,NA,49,NA,"Standard",228372160.694702,151943.952091147
"98",98,"29624","Anderson",22,NA,NA,NA,NA,NA,22,NA,"Standard",73256739.12146,58740.49483727
"99",99,"29625","Anderson",26,NA,NA,NA,NA,NA,26,NA,"Standard",143151367.71521,72754.0365287611
"100",100,"29626","Anderson",8,NA,NA,NA,NA,NA,8,NA,"Standard",174331519.433716,84969.0597982484
"101",101,"29639","Due West",1,NA,NA,NA,NA,NA,1,NA,"Standard",55380685.4075928,56690.3092690297
"102",102,"29645","Gray Court",16,NA,NA,NA,NA,NA,16,NA,"Standard",279227808.980469,111226.791749222
"103",103,"29150","Sumter",101,NA,NA,NA,NA,NA,101,NA,"Standard",111141709.66626,91833.6331491105
"104",104,"29152","Shaw AFB",3,NA,NA,NA,NA,NA,3,NA,"Standard",12807191.5457764,19464.205614901
"105",105,"29154","Sumter",93,NA,NA,NA,NA,NA,100,NA,"Standard",200138169.182251,135388.501691939
"106",106,"29163","Vance",9,NA,NA,NA,NA,NA,9,NA,"Standard",72685435.2401123,76363.4612321984
"107",107,"29164","Wagener",6,NA,NA,NA,NA,NA,7,NA,"Standard",271584835.652588,120592.218623704
"108",108,"29166","Ward",0,NA,NA,NA,NA,NA,0,NA,"Standard",76134202.942627,51478.5315678984
"109",109,"29168","Wedgefield",5,NA,NA,NA,NA,NA,5,NA,"Standard",275014901.362183,122426.605964447
"110",110,"29170","West Columbia",31,NA,NA,NA,NA,NA,31,NA,"Standard",64323367.9331055,61719.4964083099
"111",111,"29172","West Columbia",21,NA,NA,NA,NA,NA,21,NA,"Standard",66354734.3406982,58013.079746523
"112",112,"29175","Westville",1,NA,NA,NA,NA,NA,1,NA,"Standard",21292285.3690186,33480.7143295299
"113",113,"29201","Columbia",33,NA,NA,NA,NA,NA,33,NA,"Standard",29710386.4459229,35042.3585761904
"114",114,"29203","Columbia",139,NA,NA,NA,NA,NA,140,NA,"Standard",171003525.540649,76997.1039821758
"115",115,"29204","Columbia",57,NA,NA,NA,NA,NA,58,NA,"Standard",16585786.3154297,21285.9929525592
"116",116,"29205","Columbia",26,NA,NA,NA,NA,NA,28,NA,"Standard",16856603.4605713,18518.8748803766
"117",117,"29206","Columbia",30,NA,NA,NA,NA,NA,31,NA,"Standard",27851293.9593506,46862.0772073533
"118",118,"29207","Columbia",92,NA,NA,NA,NA,NA,92,NA,"Standard",9947371.5435791,21735.422560907
"119",119,"29208","Columbia",2,NA,NA,NA,NA,NA,2,NA,"Standard",469643.891845703,3488.48945689487
"120",120,"29209","Columbia",79,NA,NA,NA,NA,NA,80,NA,"Standard",90242228.0206299,63274.3542705977
"121",121,"29223","Columbia",233,NA,NA,NA,NA,NA,236,NA,"Standard",259388221.360474,94542.5747880003
"122",122,"29229","Columbia",184,NA,NA,NA,NA,NA,184,NA,"Standard",49361668.1826172,65953.6572266001
"123",123,"29434","Cordesville",0,NA,NA,NA,NA,NA,0,NA,"Standard",163109581.784668,85861.4021967457
"124",124,"29613","Greenville",0,NA,NA,NA,NA,NA,0,NA,"Standard",2862057.63220215,8067.23739584568
"125",125,"29662","Mauldin",23,NA,NA,NA,NA,NA,23,NA,"Standard",14145002.2755127,29455.3868503339
"126",126,"29687","Taylors",63,NA,NA,NA,NA,NA,68,NA,"Standard",117642173.445435,108472.287868724
"127",127,"29658","Long Creek",0,NA,NA,NA,NA,NA,0,NA,"Standard",67494468.5516968,71594.0346437029
"128",128,"29659","Lowndesville",0,NA,NA,NA,NA,NA,0,NA,"Standard",551097.775390625,3080.37893546378
"129",129,"29664","Mountain Rest",0,NA,NA,NA,NA,NA,0,NA,"Standard",277586454.067993,174791.418993251
"130",130,"29672","Seneca",6,NA,NA,NA,NA,NA,6,NA,"Standard",136637977.515991,96499.0362478936
"131",131,"29667","Norris",0,NA,NA,NA,NA,NA,0,NA,"Standard",1500709.2623291,8254.4812293803
"132",132,"29671","Pickens",5,NA,NA,NA,NA,NA,5,NA,"Standard",339000797.627197,162277.687046503
"133",133,"29676","Salem",6,NA,NA,NA,NA,NA,6,NA,"Standard",223338042.786499,100525.767231201
"134",134,"29697","Williamston",12,NA,NA,NA,NA,NA,12,NA,"Standard",98593599.2370605,90575.0591746354
"135",135,"29680","Simpsonville",58,NA,NA,NA,NA,NA,59,NA,"Standard",83003856.7070313,61847.0954054024
"136",136,"29682","Six Mile",3,NA,NA,NA,NA,NA,3,NA,"Standard",86202488.4165039,67321.9200070126
"137",137,"29684","Starr",5,NA,NA,NA,NA,NA,5,NA,"Standard",137893087.195068,95549.2717952372
"138",138,"29685","Sunset",0,NA,NA,NA,NA,NA,0,NA,"Standard",235166399.57605,117892.02036458
"139",139,"29686","Tamassee",0,NA,NA,NA,NA,NA,0,NA,"Standard",50746400.9970703,61184.7672874984
"140",140,"29688","Tigerville",0,NA,NA,NA,NA,NA,0,NA,"Standard",4920017.86914063,10882.1072582094
"141",141,"29690","Travelers Rest",21,NA,NA,NA,NA,NA,24,NA,"Standard",279116069.518188,146684.809300564
"142",142,"29691","Walhalla",3,NA,NA,NA,NA,NA,3,NA,"Standard",168448910.091064,117404.02329815
"143",143,"29693","Westminster",9,NA,NA,NA,NA,NA,9,NA,"Standard",456648928.773682,181112.595907906
"144",144,"29696","West Union",1,NA,NA,NA,NA,NA,1,NA,"Standard",60000362.9434814,69693.5410802724
"145",145,"29710","Clover",38,NA,NA,NA,NA,NA,39,NA,"Standard",296354535.868774,175904.078707739
"146",146,"29708","Fort Mill",28,NA,NA,NA,NA,NA,28,NA,"Standard",52500483.5585938,42260.9395466786
"147",147,"29714","Fort Lawn",7,NA,NA,NA,NA,NA,7,NA,"Standard",91492057.8922119,59666.5416192309
"148",148,"29717","Hickory Grove",2,NA,NA,NA,NA,NA,2,NA,"Standard",90641139.4641113,63294.5476444382
"149",149,"29726","Mc Connells",0,NA,NA,NA,NA,NA,0,NA,"Standard",93240075.0197754,53782.0071931984
"150",150,"29727","Mount Croghan",0,NA,NA,NA,NA,NA,0,NA,"Standard",140732099.404541,92342.8817030346
"151",151,"29728","Pageland",15,NA,NA,NA,NA,NA,15,NA,"Standard",254655095.086304,112182.281822428
"152",152,"29729","Richburg",6,NA,NA,NA,NA,NA,6,NA,"Standard",182404168.988159,83061.5543486801
"153",153,"29732","Rock Hill",95,NA,NA,NA,NA,NA,96,NA,"Standard",143010711.086182,66833.6653555434
"154",154,"29741","Ruby",4,NA,NA,NA,NA,NA,4,NA,"Standard",89575104.3808594,57685.470847396
"155",155,"29745","York",17,NA,NA,NA,NA,NA,17,NA,"Standard",373162676.462524,214663.740571152
"156",156,"29801","Aiken",24,NA,NA,NA,NA,NA,24,NA,"Standard",251900912.163208,129454.140177048
"157",157,"29803","Aiken",30,NA,NA,NA,NA,NA,30,NA,"Standard",333914634.322021,134022.811131394
"158",158,"29805","Aiken",2,NA,NA,NA,NA,NA,2,NA,"Standard",257816272.563721,121606.381961366
"159",159,"29809","New Ellenton",1,NA,NA,NA,NA,NA,1,NA,"Standard",13639718.3696289,21085.8101370669
"160",160,"29810","Allendale",13,NA,NA,NA,NA,NA,14,NA,"Standard",288305287.010986,124266.474283505
"161",161,"29851","Warrenville",4,NA,NA,NA,NA,NA,5,NA,"Standard",57246983.1898193,44508.0509543965
"162",162,"29842","Beech Island",5,NA,NA,NA,NA,NA,5,NA,"Standard",114848233.307739,75292.9993140915
"163",163,"29828","Gloverville",0,NA,NA,NA,NA,NA,0,NA,"Standard",1565530.41369629,6200.2269744303
"164",164,"29829","Graniteville",9,NA,NA,NA,NA,NA,9,NA,"Standard",97830862.5063477,65565.9537374253
"165",165,"29831","Jackson",4,NA,NA,NA,NA,NA,4,NA,"Standard",219003899.576782,120043.478121778
"166",166,"29840","Mount Carmel",0,NA,NA,NA,NA,NA,0,NA,"Standard",88267963.0610352,55367.9836028273
"167",167,"29003","Bamberg",6,NA,NA,NA,NA,NA,6,NA,"Standard",370696525.128906,120697.787773101
"168",168,"29856","Windsor",2,NA,NA,NA,NA,NA,2,NA,"Standard",141904310.487671,88190.9342789059
"169",169,"29902","Beaufort",91,NA,NA,NA,NA,NA,91,NA,"Standard",85986523.5100098,72778.4669077688
"170",170,"29906","Beaufort",47,NA,NA,NA,NA,NA,48,NA,"Standard",195516778.198853,97718.0826836947
"171",171,"29907","Beaufort",24,NA,NA,NA,NA,NA,24,NA,"Standard",128320339.838867,100817.554620683
"172",172,"29073","Lexington",63,NA,NA,NA,NA,NA,65,NA,"Standard",212466691.372803,120695.719192339
"173",173,"29123","Pelion",6,NA,NA,NA,NA,NA,6,NA,"Standard",164574703.296021,75176.8630088198
"174",174,"29910","Bluffton",49,NA,NA,NA,NA,NA,49,NA,"Standard",322889195.078613,166470.009946279
"175",175,"29911","Brunson",2,NA,NA,NA,NA,NA,2,NA,"Standard",180668899.651733,95876.4390648815
"176",176,"29924","Hampton",10,NA,NA,NA,NA,NA,10,NA,"Standard",139451329.543701,100363.948333666
"177",177,"29915","Daufuskie Island",1,NA,NA,NA,NA,NA,1,NA,"Standard",27944236.6738281,31284.2213845265
"178",178,"29918","Estill",9,NA,NA,NA,NA,NA,9,NA,"Standard",446286255.498413,182201.830222094
"179",179,"29920","Saint Helena Island",15,NA,NA,NA,NA,NA,15,NA,"Standard",305379066.20166,354598.102584471
"180",180,"29926","Hilton Head Island",19,NA,NA,NA,NA,NA,19,NA,"Standard",94053478.0001221,55596.9111805479
"181",181,"29927","Hardeeville",7,NA,NA,NA,NA,NA,7,NA,"Standard",607655821.861206,185886.236118582
"182",182,"29928","Hilton Head Island",12,NA,NA,NA,NA,NA,12,NA,"Standard",55943029.8914795,51492.8929668409
"183",183,"29929","Islandton",4,NA,NA,NA,NA,NA,4,NA,"Standard",189912234.474976,74364.6594111246
"184",184,"29940","Seabrook",2,NA,NA,NA,NA,NA,2,NA,"Standard",182793889.425903,97266.0090861819
"185",185,"29935","Port Royal",10,NA,NA,NA,NA,NA,10,NA,"Standard",4792168.06225586,17263.6099650588
"186",186,"29941","Sheldon",1,NA,NA,NA,NA,NA,1,NA,"Standard",31456284.3753662,35333.4352906602
"187",187,"29943","Tillman",1,NA,NA,NA,NA,NA,1,NA,"Standard",140224625,107149.003429987
"188",188,"29061","Hopkins",35,NA,NA,NA,NA,NA,35,NA,"Standard",343425306.317993,183862.827476427
"189",189,"29042","Denmark",9,NA,NA,NA,NA,NA,10,NA,"Standard",152955029.60791,79171.806998473
"190",190,"29133","Rowesville",1,NA,NA,NA,NA,NA,1,NA,"Standard",124714870.971802,77401.7085172406
"191",191,"29108","Newberry",12,NA,NA,NA,NA,NA,12,NA,"Standard",499677968.052246,167761.907559022
"192",192,"29634","Clemson",0,NA,NA,NA,NA,NA,0,NA,"Standard",4861100.91308594,10199.0638829754
"193",193,"29145","Silverstreet",1,NA,NA,NA,NA,NA,1,NA,"Standard",132440373.135254,91645.42476447
"194",194,"29048","Eutawville",10,NA,NA,NA,NA,NA,10,NA,"Standard",121258958.042847,156362.625742026
"195",195,"29072","Lexington",91,NA,NA,NA,NA,NA,91,NA,"Standard",176274828.45166,153831.964736338
"196",196,"29015","Blair",3,NA,NA,NA,NA,NA,3,NA,"Standard",315065979.495972,111333.588828871
"197",197,"29054","Gilbert",10,NA,NA,NA,NA,NA,11,NA,"Standard",159586849.24353,153120.580222912
"198",198,"29142","Santee",8,NA,NA,NA,NA,NA,8,NA,"Standard",144171361.418823,96590.3732246082
"199",199,"29065","Jenkinsville",1,NA,NA,NA,NA,NA,1,NA,"Standard",96572017.3968506,78870.4184111336
"200",200,"29046","Elliott",0,NA,NA,NA,NA,NA,0,NA,"Standard",6232518.8651123,15600.2259983711
"201",201,"29033","Cayce",11,NA,NA,NA,NA,NA,11,NA,"Standard",24440725.5548096,29245.7377220479
"202",202,"29038","Cope",4,NA,NA,NA,NA,NA,4,NA,"Standard",208044981.797485,103775.637127188
"203",203,"29039","Cordova",5,NA,NA,NA,NA,NA,5,NA,"Standard",65095953.2163086,58850.6864735922
"204",204,"29115","Orangeburg",25,NA,NA,NA,NA,NA,25,NA,"Standard",309352463.134033,165621.145442172
"205",205,"29044","Eastover",14,NA,NA,NA,NA,NA,15,NA,"Standard",391640143.136353,197448.57712327
"206",206,"29052","Gadsden",5,NA,NA,NA,NA,NA,6,NA,"Standard",54463265.7602539,42541.8506161004
"207",207,"29107","Neeses",4,NA,NA,NA,NA,NA,4,NA,"Standard",196002363.461304,137410.702491906
"208",208,"29113","Norway",0,NA,NA,NA,NA,NA,0,NA,"Standard",120174316.099365,79036.0896768933
"209",209,"29126","Pomaria",1,NA,NA,NA,NA,NA,1,NA,"Standard",207275812.539795,82107.3013646152
"210",210,"29148","Summerton",67,NA,NA,NA,NA,NA,67,NA,"Standard",259645199.717285,260643.267694411
"211",211,"29117","Orangeburg",0,NA,NA,NA,NA,NA,0,NA,"Standard",575843.603393555,3608.57513572117
"212",212,"29912","Coosawhatchie",1,NA,NA,NA,NA,NA,1,NA,"Standard",5826181.77429199,11267.5861668022
"213",213,"29683","Slater",0,NA,NA,NA,NA,NA,0,NA,"Standard",437555.928466797,3548.54418214553
"214",214,"29212","Columbia",42,NA,NA,NA,NA,NA,43,NA,"Standard",57128330.6846924,95296.5241560301
"215",215,"29014","Blackstock",2,NA,NA,NA,NA,NA,2,NA,"Standard",359968147.253174,140883.195784292
"216",216,"29210","Columbia",119,NA,NA,NA,NA,NA,121,NA,"Standard",41912929.0402832,32544.0409820459
"217",217,"29180","Winnsboro",27,NA,NA,NA,NA,NA,27,NA,"Standard",818970626.187256,252472.522504143
"218",218,"29332","Cross Hill",1,NA,NA,NA,NA,NA,1,NA,"Standard",99694638.282959,84660.5410812633
"219",219,"29374","Pauline",5,NA,NA,NA,NA,NA,5,NA,"Standard",128108235.610107,77602.2182217455
"220",220,"29355","Kinards",1,NA,NA,NA,NA,NA,1,NA,"Standard",175049867.545654,106915.048173977
"221",221,"29330","Cowpens",4,NA,NA,NA,NA,NA,4,NA,"Standard",98810985.3820801,71986.2690263628
"222",222,"29335","Enoree",4,NA,NA,NA,NA,NA,4,NA,"Standard",244381508.87561,111211.593134863
"223",223,"29356","Landrum",7,NA,NA,NA,NA,NA,7,NA,"Standard",214612330.155273,111692.985689943
"224",224,"29323","Chesnee",19,NA,NA,NA,NA,NA,19,NA,"Standard",194512338.126709,105505.786247576
"225",225,"29307","Spartanburg",15,NA,NA,NA,NA,NA,15,NA,"Standard",115842209.148682,75517.3660985674
"226",226,"29322","Campobello",6,NA,NA,NA,NA,NA,6,NA,"Standard",157053398.455078,102861.54563754
"227",227,"29372","Pacolet",9,NA,NA,NA,NA,NA,9,NA,"Standard",115668214.500854,78119.3693093234
"228",228,"29388","Woodruff",16,NA,NA,NA,NA,NA,16,NA,"Standard",253578126.445923,126492.548885
"229",229,"29692","Ware Shoals",7,NA,NA,NA,NA,NA,7,NA,"Standard",126209231.705811,77461.7517313986
"230",230,"29651","Greer",94,NA,NA,NA,NA,NA,94,NA,"Standard",243685972.16394,149389.504310943
"231",231,"29485","Summerville",37,NA,NA,NA,NA,NA,38,NA,"Standard",117914904.97229,82562.4242844625
"232",232,"29426","Adams Run",1,NA,NA,NA,NA,NA,1,NA,"Standard",174657763.162598,101714.697807726
"233",233,"29436","Cross",2,NA,NA,NA,NA,NA,2,NA,"Standard",192862549.116821,181199.003364585
"234",234,"29418","North Charleston",28,NA,NA,NA,NA,NA,29,NA,"Standard",35795753.5129395,48808.4569224246
"235",235,"29420","North Charleston",30,NA,NA,NA,NA,NA,30,NA,"Standard",27639224.8751221,33039.9127214778
"236",236,"29414","Charleston",40,NA,NA,NA,NA,NA,40,NA,"Standard",127822691.659912,80261.461359061
"237",237,"29432","Branchville",1,NA,NA,NA,NA,NA,1,NA,"Standard",319302980.402222,148812.278293919
"238",238,"29481","Smoaks",1,NA,NA,NA,NA,NA,1,NA,"Standard",240923449.753296,93107.1298685692
"239",239,"29410","Hanahan",50,NA,NA,NA,NA,NA,50,NA,"Standard",28126864.1513672,46051.4669605756
"240",240,"29438","Edisto Island",1,NA,NA,NA,NA,NA,1,NA,"Standard",227031137.565308,91233.2270446926
"241",241,"29445","Goose Creek",39,NA,NA,NA,NA,NA,38,NA,"Standard",166558695.618896,99376.5574661673
"242",242,"29456","Ladson",24,NA,NA,NA,NA,NA,25,NA,"Standard",46684525.1254883,43519.4669008115
"243",243,"29440","Georgetown",26,NA,NA,NA,NA,NA,26,NA,"Standard",1513511328.92676,399177.709406401
"244",244,"29450","Huger",2,NA,NA,NA,NA,NA,2,NA,"Standard",402829270.348145,160153.882369077
"245",245,"29471","Reevesville",2,NA,NA,NA,NA,NA,2,NA,"Standard",95580784.0505371,61549.4581222291
"246",246,"29466","Mount Pleasant",46,NA,NA,NA,NA,NA,45,NA,"Standard",88469493.0441895,100739.654504217
"247",247,"29472","Ridgeville",3,NA,NA,NA,NA,NA,3,NA,"Standard",511253573.562256,198311.635245752
"248",248,"29470","Ravenel",4,NA,NA,NA,NA,NA,4,NA,"Standard",200754391.541138,93636.5318886656
"249",249,"29501","Florence",159,NA,NA,NA,NA,NA,161,NA,"Standard",148872932.37793,87465.3727095496
"250",250,"29477","Saint George",5,NA,NA,NA,NA,NA,5,NA,"Standard",301512396.836304,141441.93977843
"251",251,"29506","Florence",86,NA,NA,NA,NA,NA,87,NA,"Standard",316952510.665771,107503.330263062
"252",252,"29483","Summerville",33,NA,NA,NA,NA,NA,34,NA,"Standard",142699221.977173,61731.9978646976
"253",253,"29510","Andrews",10,NA,NA,NA,NA,NA,9,NA,"Standard",683596377.000977,185403.960486938
"254",254,"29571","Marion",31,NA,NA,NA,NA,NA,31,NA,"Standard",561638075.851318,207018.544842569
"255",255,"29518","Cades",4,NA,NA,NA,NA,NA,4,NA,"Standard",126252603.147949,70747.4308105174
"256",256,"29550","Hartsville",88,NA,NA,NA,NA,NA,90,NA,"Standard",565480766.371704,171607.452041825
"257",257,"29525","Clio",5,NA,NA,NA,NA,NA,5,NA,"Standard",145525303.047852,73842.1296406611
"258",258,"29945","Yemassee",4,NA,NA,NA,NA,NA,4,NA,"Standard",518744543.596313,214844.368237941
"259",259,"29560","Lake City",51,NA,NA,NA,NA,NA,52,NA,"Standard",405773802.486816,215709.316340666
"260",260,"29554","Hemingway",30,NA,NA,NA,NA,NA,30,NA,"Standard",550802898.418213,176688.138647964
"261",261,"29543","Fork",0,NA,NA,NA,NA,NA,0,NA,"Standard",56770232.8237305,45156.3850805091
"262",262,"29101","Mc Bee",7,NA,NA,NA,NA,NA,8,NA,"Standard",372865601.418701,125656.482477642
"263",263,"29555","Johnsonville",12,NA,NA,NA,NA,NA,12,NA,"Standard",257815659.655762,113556.084151733
"264",264,"29161","Timmonsville",33,NA,NA,NA,NA,NA,34,NA,"Standard",339477497.99292,143796.403476733
"265",265,"29565","Latta",25,NA,NA,NA,NA,NA,25,NA,"Standard",339809332.51416,146366.31554336
"266",266,"29593","Society Hill",1,NA,NA,NA,NA,NA,1,NA,"Standard",287113110.200439,153375.852690654
"267",267,"29574","Mullins",16,NA,NA,NA,NA,NA,16,NA,"Standard",247590110.163574,132670.260737813
"268",268,"29592","Sellers",1,NA,NA,NA,NA,NA,1,NA,"Standard",69363213.4191895,66296.9703087416
"269",269,"29581","Nichols",8,NA,NA,NA,NA,NA,8,NA,"Standard",439490267.754883,146507.019949748
"270",270,"29576","Murrells Inlet",25,NA,NA,NA,NA,NA,25,NA,"Standard",75748578.8710938,120487.700714869
"271",271,"29617","Greenville",59,NA,NA,NA,NA,NA,68,NA,"Standard",58295561.9820557,47668.3881286029
"272",272,"29056","Greeleyville",3,NA,NA,NA,NA,NA,3,NA,"Standard",269456739.620239,130093.442053927
"273",273,"29640","Easley",28,NA,NA,NA,NA,NA,29,NA,"Standard",222426780.72937,102139.018773275
"274",274,"29611","Greenville",102,NA,NA,NA,NA,NA,109,NA,"Standard",60330304.78479,56424.492949125
"275",275,"29650","Greer",46,NA,NA,NA,NA,NA,46,NA,"Standard",46204957.9298096,42032.3088844027
"276",276,"29642","Easley",43,NA,NA,NA,NA,NA,44,NA,"Standard",127598936.544556,60326.1283298468
"277",277,"29638","Donalds",2,NA,NA,NA,NA,NA,2,NA,"Standard",156887840.770996,98862.8949467548
"278",278,"29670","Pendleton",5,NA,NA,NA,NA,NA,5,NA,"Standard",134493844.487549,89154.4922517976
"279",279,"29620","Abbeville",24,NA,NA,NA,NA,NA,24,NA,"Standard",675264728.63501,188894.123365171
"280",280,"29673","Piedmont",49,NA,NA,NA,NA,NA,49,NA,"Standard",190840883.927124,112656.787103301
"281",281,"29631","Clemson",5,NA,NA,NA,NA,NA,5,NA,"Standard",24349690.8448486,38179.7705041449
"282",282,"29689","Townville",2,NA,NA,NA,NA,NA,2,NA,"Standard",120700065.501953,83467.7688054374
"283",283,"29643","Fair Play",0,NA,NA,NA,NA,NA,0,NA,"Standard",84733876.1900635,74742.1652523909
"284",284,"29628","Calhoun Falls",4,NA,NA,NA,NA,NA,4,NA,"Standard",239484740.276489,109250.687569372
"285",285,"29630","Central",1,NA,NA,NA,NA,NA,1,NA,"Standard",162447258.994141,108938.848877181
"286",286,"29657","Liberty",9,NA,NA,NA,NA,NA,9,NA,"Standard",168843260.229858,94272.5168252564
"287",287,"29627","Belton",14,NA,NA,NA,NA,NA,14,NA,"Standard",312065275.011963,154638.486629663
"288",288,"29644","Fountain Inn",27,NA,NA,NA,NA,NA,27,NA,"Standard",208212157.483887,118328.548536548
"289",289,"29635","Cleveland",2,NA,NA,NA,NA,NA,2,NA,"Standard",172444455.283203,122271.998108879
"290",290,"29045","Elgin",76,NA,NA,NA,NA,NA,75,NA,"Standard",185399464.758301,115962.013628945
"291",291,"29055","Great Falls",6,NA,NA,NA,NA,NA,7,NA,"Standard",127740360.417725,115193.211801387
"292",292,"29681","Simpsonville",75,NA,NA,NA,NA,NA,75,NA,"Standard",112494571.506836,69634.5263809709
"293",293,"29666","Ninety Six",6,NA,NA,NA,NA,NA,6,NA,"Standard",337833780.445923,136428.451811504
"294",294,"29646","Greenwood",29,NA,NA,NA,NA,NA,29,NA,"Standard",260089665.729004,121376.15939963
"295",295,"29661","Marietta",4,NA,NA,NA,NA,NA,4,NA,"Standard",185769953.128418,153689.292820694
"296",296,"29653","Hodges",0,NA,NA,NA,NA,NA,0,NA,"Standard",181169333.350708,83210.2700866889
"297",297,"29655","Iva",14,NA,NA,NA,NA,NA,14,NA,"Standard",379751792.79541,205862.247566936
"298",298,"29654","Honea Path",7,NA,NA,NA,NA,NA,8,NA,"Standard",302456906.69397,140691.340637557
"299",299,"29649","Greenwood",23,NA,NA,NA,NA,NA,23,NA,"Standard",146085330.301147,80530.9860015412
"300",300,"29669","Pelzer",24,NA,NA,NA,NA,NA,24,NA,"Standard",165698182.18335,135416.590222852
"301",301,"29678","Seneca",15,NA,NA,NA,NA,NA,15,NA,"Standard",238080027.919922,105195.476958726
"302",302,"29706","Chester",20,NA,NA,NA,NA,NA,20,NA,"Standard",698712928.960571,182984.79585983
"303",303,"29704","Catawba",2,NA,NA,NA,NA,NA,2,NA,"Standard",63805367.7614746,57284.6344566074
"304",304,"29702","Blacksburg",2,NA,NA,NA,NA,NA,2,NA,"Standard",263878725.55481,99128.6571536659
"305",305,"29730","Rock Hill",62,NA,NA,NA,NA,NA,63,NA,"Standard",317393605.241211,115009.021592814
"306",306,"29178","Whitmire",4,NA,NA,NA,NA,NA,4,NA,"Standard",333870073.283691,141452.210694852
"307",307,"29169","West Columbia",80,NA,NA,NA,NA,NA,81,NA,"Standard",31603722.7756348,34593.7838596211
"308",308,"29036","Chapin",54,NA,NA,NA,NA,NA,55,NA,"Standard",143566765.138306,248224.006043009
"309",309,"29707","Fort Mill",26,NA,NA,NA,NA,NA,27,NA,"Standard",79282750.4536133,68478.9074008438
"310",310,"29720","Lancaster",74,NA,NA,NA,NA,NA,75,NA,"Standard",748206216.068726,176546.055298913
"311",311,"29715","Fort Mill",37,NA,NA,NA,NA,NA,38,NA,"Standard",88746430.4200439,70183.9606118482
"312",312,"29743","Smyrna",1,NA,NA,NA,NA,NA,1,NA,"Standard",90928108.1776123,74329.6775902353
"313",313,"29058","Heath Springs",4,NA,NA,NA,NA,NA,4,NA,"Standard",452908103.672607,157234.000934395
"314",314,"29718","Jefferson",7,NA,NA,NA,NA,NA,7,NA,"Standard",252549014.499268,159181.281526452
"315",315,"29712","Edgemoor",1,NA,NA,NA,NA,NA,1,NA,"Standard",66310767.4331055,54181.092457394
"316",316,"29742","Sharon",1,NA,NA,NA,NA,NA,1,NA,"Standard",208575438.531738,107661.774658164
"317",317,"29031","Carlisle",1,NA,NA,NA,NA,NA,1,NA,"Standard",339720310.750366,144980.089675827
"318",318,"29063","Irmo",52,NA,NA,NA,NA,NA,55,NA,"Standard",107244876.158447,85672.7717633919
"319",319,"29067","Kershaw",12,NA,NA,NA,NA,NA,12,NA,"Standard",503987734.502441,196986.532378957
"320",320,"29016","Blythewood",55,NA,NA,NA,NA,NA,56,NA,"Standard",216807325.37085,103474.610724685
"321",321,"29827","Fairfax",12,NA,NA,NA,NA,NA,12,NA,"Standard",376537062.439209,173235.871186552
"322",322,"29808","Aiken",0,NA,NA,NA,NA,NA,0,NA,"Standard",660107795.926758,137706.119525316
"323",323,"29821","Clarks Hill",0,NA,NA,NA,NA,NA,0,NA,"Standard",147449125.97937,88766.0431052733
"324",324,"29853","Williston",9,NA,NA,NA,NA,NA,9,NA,"Standard",307848159.194824,119386.969284959
"325",325,"29838","Modoc",0,NA,NA,NA,NA,NA,0,NA,"Standard",111055095.104492,75276.0209261485
"326",326,"29849","Ulmer",0,NA,NA,NA,NA,NA,0,NA,"Standard",130722597.300415,72802.4281572523
"327",327,"29824","Edgefield",7,NA,NA,NA,NA,NA,8,NA,"Standard",631831460.677734,171095.918509553
"328",328,"29847","Trenton",5,NA,NA,NA,NA,NA,5,NA,"Standard",206073362.321655,115029.550363698
"329",329,"29848","Troy",0,NA,NA,NA,NA,NA,0,NA,"Standard",215364847.266602,134892.412747494
"330",330,"29812","Barnwell",19,NA,NA,NA,NA,NA,19,NA,"Standard",437447828.947021,143828.442637186
"331",331,"29819","Bradley",0,NA,NA,NA,NA,NA,0,NA,"Standard",190488359.030273,97143.4794210596
"332",332,"29836","Martin",0,NA,NA,NA,NA,NA,0,NA,"Standard",315405256.393311,121446.493358452
"333",333,"29835","Mc Cormick",7,NA,NA,NA,NA,NA,7,NA,"Standard",498474485.62561,158595.552702968
"334",334,"29817","Blackville",12,NA,NA,NA,NA,NA,12,NA,"Standard",272432381.769043,101935.346761388
"335",335,"29053","Gaston",40,NA,NA,NA,NA,NA,40,NA,"Standard",231140079.366577,111090.412405553
"336",336,"29018","Bowman",1,NA,NA,NA,NA,NA,1,NA,"Standard",300667701.424927,106186.270528712
"337",337,"29845","Plum Branch",0,NA,NA,NA,NA,NA,0,NA,"Standard",157142602.419189,73084.9642910476
"338",338,"29843","Olar",0,NA,NA,NA,NA,NA,0,NA,"Standard",214032126.956055,105732.286824935
"339",339,"29129","Ridge Spring",7,NA,NA,NA,NA,NA,7,NA,"Standard",206631216.974731,106109.974769749
"340",340,"29832","Johnston",23,NA,NA,NA,NA,NA,23,NA,"Standard",247548681.244873,133925.764966607
"341",341,"29860","North Augusta",15,NA,NA,NA,NA,NA,15,NA,"Standard",155954825.736084,96666.1014619819
"342",342,"29841","North Augusta",43,NA,NA,NA,NA,NA,44,NA,"Standard",85266033.4051514,56868.9404057579
"343",343,"29944","Varnville",5,NA,NA,NA,NA,NA,5,NA,"Standard",318741165.262451,136801.721534494
"344",344,"29936","Ridgeland",16,NA,NA,NA,NA,NA,16,NA,"Standard",632680038.077637,184575.554264161
"345",345,"29934","Pineland",1,NA,NA,NA,NA,NA,1,NA,"Standard",183911188.906372,96714.8808549508
"346",346,"29909","Okatie",14,NA,NA,NA,NA,NA,14,NA,"Standard",123204509.101318,79476.5956413518
"347",347,"29932","Luray",1,NA,NA,NA,NA,NA,1,NA,"Standard",88055173.3754883,49191.7658575052
"348",348,"29922","Garnett",1,NA,NA,NA,NA,NA,1,NA,"Standard",209058913.977539,102246.671304884
"349",349,"29916","Early Branch",0,NA,NA,NA,NA,NA,0,NA,"Standard",181420886.233276,79813.9226114543
"350",350,"29082","Lodge",0,NA,NA,NA,NA,NA,0,NA,"Standard",125554540.662354,62274.3332171155
"351",351,"29138","Saluda",106,NA,NA,NA,NA,NA,113,NA,"Standard",592235124.656738,204425.595016662
"352",352,"29069","Lamar",12,NA,NA,NA,NA,NA,12,NA,"Standard",202717506.625366,90464.5894784921
"353",353,"29037","Chappells",1,NA,NA,NA,NA,NA,1,NA,"Standard",168846019.927612,113722.733385519
"354",354,"29114","Olanta",11,NA,NA,NA,NA,NA,11,NA,"Standard",97184945.9577637,62888.8665030865
"355",355,"29111","New Zion",3,NA,NA,NA,NA,NA,3,NA,"Standard",151237836.469849,86680.3561875248
"356",356,"29010","Bishopville",136,NA,NA,NA,NA,NA,142,NA,"Standard",542723191.381592,184986.241298736
"357",357,"29081","Ehrhardt",0,NA,NA,NA,NA,NA,0,NA,"Standard",161076888.292358,80558.79378159
"358",358,"29006","Batesburg",22,NA,NA,NA,NA,NA,22,NA,"Standard",363854488.175903,189469.610727026
"359",359,"29135","Saint Matthews",7,NA,NA,NA,NA,NA,7,NA,"Standard",509841600.768433,163782.301476118
"360",360,"29070","Leesville",25,NA,NA,NA,NA,NA,28,NA,"Standard",421852480.135376,285154.147754378
"361",361,"29075","Little Mountain",2,NA,NA,NA,NA,NA,2,NA,"Standard",110297818.828613,79086.4929040865
"362",362,"29105","Monetta",2,NA,NA,NA,NA,NA,2,NA,"Standard",84387660.4760742,62234.2829565446
"363",363,"29125","Pinewood",13,NA,NA,NA,NA,NA,13,NA,"Standard",305547884.525757,245821.422695192
"364",364,"29032","Cassatt",7,NA,NA,NA,NA,NA,7,NA,"Standard",218083569.029175,123120.706349853
"365",365,"29102","Manning",181,NA,NA,NA,NA,NA,182,NA,"Standard",640243806.526733,251269.723602661
"366",366,"29153","Sumter",45,NA,NA,NA,NA,NA,46,NA,"Standard",364022367.699707,166843.799759182
"367",367,"29059","Holly Hill",13,NA,NA,NA,NA,NA,13,NA,"Standard",288164086.62146,119554.726425608
"368",368,"29040","Dalzell",19,NA,NA,NA,NA,NA,19,NA,"Standard",129495165.818115,116071.315447208
"369",369,"29001","Alcolu",11,NA,NA,NA,NA,NA,11,NA,"Standard",193191186.782593,81308.7926275773
"370",370,"29080","Lynchburg",18,NA,NA,NA,NA,NA,18,NA,"Standard",309963647.971558,110225.128896344
"371",371,"29030","Cameron",1,NA,NA,NA,NA,NA,1,NA,"Standard",243814938.080322,130628.68354776
"372",372,"29162","Turbeville",11,NA,NA,NA,NA,NA,12,NA,"Standard",88497251.3276367,51086.7056254225
"373",373,"29112","North",16,NA,NA,NA,NA,NA,16,NA,"Standard",306948230.078857,94996.2914367822
"374",374,"29118","Orangeburg",13,NA,NA,NA,NA,NA,13,NA,"Standard",203167224.049805,109912.076346552
"375",375,"29104","Mayesville",3,NA,NA,NA,NA,NA,3,NA,"Standard",184028749.582642,87400.3047866802
"376",376,"29009","Bethune",6,NA,NA,NA,NA,NA,6,NA,"Standard",251667813.721191,129446.216149463
"377",377,"29128","Rembert",28,NA,NA,NA,NA,NA,28,NA,"Standard",332033668.414429,164623.062774969
"378",378,"29146","Springfield",2,NA,NA,NA,NA,NA,2,NA,"Standard",140056302.239136,92604.0368154422
"379",379,"29130","Ridgeway",84,NA,NA,NA,NA,NA,86,NA,"Standard",407118130.490356,140280.771095258
"380",380,"29160","Swansea",16,NA,NA,NA,NA,NA,16,NA,"Standard",290855984.057739,153767.369698399
"381",381,"29047","Elloree",3,NA,NA,NA,NA,NA,3,NA,"Standard",154868363.860962,75397.7128139394
"382",382,"29051","Gable",4,NA,NA,NA,NA,NA,4,NA,"Standard",105362449.569214,67008.2141412472
"383",383,"29020","Camden",135,NA,NA,NA,NA,NA,136,NA,"Standard",581398828.958252,213666.930670077
"384",384,"29078","Lugoff",51,NA,NA,NA,NA,NA,51,NA,"Standard",302742819.015503,150216.931542606
"385",385,"29127","Prosperity",9,NA,NA,NA,NA,NA,9,NA,"Standard",270479800.14856,277342.510923347
"386",386,"29137","Salley",9,NA,NA,NA,NA,NA,10,NA,"Standard",252503751.657715,128264.526559468
"387",387,"Unknown","Unknown",248,NA,NA,NA,NA,NA,264,NA,"Standard",NA,NA
